filename,y_true,pred_baseline,prob_baseline,pred_multiscale,prob_multiscale,pred_conf_iso,changed_multiscale,changed_conf_iso,change_type_multiscale,change_type_conf_iso
1_calibration_1.2_000_1631441714.100000026_patches_patch_2329_2199_83.570_0_right.png,0,0,0.9996108810106912,0,0.9996005602131434,0.0,0,0,No Change,No Change
1_calibration_1.2_001_1631441714.200000024_patches_patch_2329_2199_83.469_0_right.png,0,0,0.999714414278666,0,0.9995739965266148,0.0,0,0,No Change,No Change
1_calibration_1.2_002_1631441714.300000021_patches_patch_2329_2199_83.581_0_right.png,0,0,0.9991657336552938,0,0.999406961558806,0.0,0,0,No Change,No Change
1_calibration_1.2_003_1631441714.400000019_patches_patch_2329_2199_83.581_0_right.png,0,0,0.9996557633082072,0,0.999490583557957,0.0,0,0,No Change,No Change
1_calibration_1.2_004_1631441714.500000016_patches_patch_2328_2199_83.492_0_right.png,0,0,0.9993541042009988,0,0.9994042973756696,0.0,0,0,No Change,No Change
1_calibration_1.2_005_1631441714.600000014_patches_patch_2330_2199_83.549_0_right.png,0,0,0.9992213050524392,0,0.9993707360405514,0.0,0,0,No Change,No Change
1_calibration_1.2_006_1631441714.700000011_patches_patch_2328_2199_83.549_0_right.png,0,0,0.9997042020161948,0,0.9994916042044856,0.0,0,0,No Change,No Change
1_calibration_1.2_007_1631441714.800000008_patches_patch_2328_2199_83.549_0_right.png,0,0,0.9991705616315206,0,0.9993961034902944,0.0,0,0,No Change,No Change
1_calibration_1.2_008_1631441714.900000005_patches_patch_2328_2199_83.549_0_right.png,0,0,0.999730428059896,0,0.9995289790261316,0.0,0,0,No Change,No Change
1_calibration_1.2_009_1631441715.000000002_patches_patch_2329_2199_83.535_0_right.png,0,0,0.9994847377141316,0,0.9994617538033528,0.0,0,0,No Change,No Change
1_calibration_1.2_010_1631441715.100000031_patches_patch_2330_2199_83.524_0_right.png,0,0,0.9995981653531392,0,0.999340732700289,0.0,0,0,No Change,No Change
1_calibration_1.2_011_1631441715.200000029_patches_patch_2329_2199_83.434_0_right.png,0,0,0.9985464612642924,0,0.9989562704591248,0.0,0,0,No Change,No Change
1_calibration_1.2_012_1631441715.300000026_patches_patch_2329_2199_83.434_0_right.png,0,0,0.9991942246754963,0,0.9989863217599776,0.0,0,0,No Change,No Change
1_calibration_1.2_013_1631441715.400000023_patches_patch_2330_2199_83.332_0_right.png,0,0,0.998725652694702,0,0.9987910531154064,0.0,0,0,No Change,No Change
1_calibration_1.2_014_1631441715.500000022_patches_patch_2329_2199_83.242_0_right.png,0,0,0.9994633793830872,0,0.9985434240735784,0.0,0,0,No Change,No Change
1_calibration_1.2_015_1631441715.600000023_patches_patch_2329_2199_83.410_0_right.png,0,0,0.9980660080909728,0,0.997233991727244,0.0,0,0,No Change,No Change
1_calibration_1.2_016_1631441715.700000024_patches_patch_2329_2199_83.410_0_right.png,0,0,0.9975940982500712,0,0.9952146033265568,0.0,0,0,No Change,No Change
1_calibration_1.2_017_1631441715.800000025_patches_patch_2329_2199_83.303_0_right.png,0,0,0.997860630353292,0,0.9909300825299264,0.0,0,0,No Change,No Change
1_calibration_1.2_018_1631441715.900000026_patches_patch_2329_2199_83.303_0_right.png,0,0,0.99341881275177,0,0.9774038359599648,0.0,0,0,No Change,No Change
1_calibration_1.2_019_1631441716.000000027_patches_patch_2329_2199_83.303_0_right.png,0,0,0.8950512409210205,0,0.9483438992210615,0.0,0,0,No Change,No Change
1_calibration_1.2_020_1631441716.100000027_patches_patch_2330_2199_83.353_0_right.png,0,0,0.99347319205602,0,0.9761342602669272,0.0,0,0,No Change,No Change
1_calibration_1.2_021_1631441716.200000028_patches_patch_2330_2199_83.246_0_right.png,0,0,0.99326757589976,0,0.9870252700417684,0.0,0,0,No Change,No Change
1_calibration_1.2_022_1631441716.300000029_patches_patch_2330_2199_83.246_0_right.png,0,0,0.995420515537262,0,0.9891187626380574,0.0,0,0,No Change,No Change
1_calibration_1.2_023_1631441716.400000030_patches_patch_2330_2199_83.246_0_right.png,0,0,0.98110697666804,0,0.9850614886460484,0.0,0,0,No Change,No Change
1_calibration_1.2_024_1631441716.500000011_patches_patch_2330_2199_83.153_0_right.png,0,0,0.9936492443084716,0,0.9851195176946976,0.0,0,0,No Change,No Change
1_calibration_1.2_025_1631441716.600000000_patches_patch_2329_2199_83.328_0_right.png,0,0,0.9733903408050536,0,0.9764337336507972,0.0,0,0,No Change,No Change
1_calibration_1.2_026_1631441716.700000020_patches_patch_2330_2199_83.221_0_right.png,0,0,0.9748923977216084,0,0.9699913510420058,0.0,0,0,No Change,No Change
1_calibration_1.2_027_1631441716.800000009_patches_patch_2329_2199_83.127_0_right.png,0,0,0.93704624970754,0,0.9591675920195992,0.0,0,0,No Change,No Change
1_calibration_1.2_028_1631441716.900000029_patches_patch_2329_2199_83.021_0_right.png,0,0,0.9724310239156088,0,0.9720903872136684,0.0,0,0,No Change,No Change
1_calibration_1.2_029_1631441717.000000018_patches_patch_2329_2199_82.928_0_right.png,0,0,0.9892634153366088,0,0.9854118033336052,0.0,0,0,No Change,No Change
1_calibration_1.2_030_1631441717.100000006_patches_patch_2331_2199_83.148_0_right.png,0,0,0.9992059071858724,0,0.9939593698519348,0.0,0,0,No Change,No Change
1_calibration_1.2_031_1631441717.200000027_patches_patch_2332_2199_82.834_0_right.png,0,0,0.997842808564504,0,0.9968061305113608,0.0,0,0,No Change,No Change
1_calibration_1.2_032_1631441717.300000015_patches_patch_2333_2199_82.725_0_right.png,0,0,0.9994960029919944,0,0.9985189893099422,0.0,0,0,No Change,No Change
1_calibration_1.2_033_1631441717.400000004_patches_patch_2335_2199_82.616_0_right.png,0,0,0.999717911084493,0,0.9992186009506652,0.0,0,0,No Change,No Change
1_calibration_1.2_034_1631441717.500000015_patches_patch_2336_2199_82.521_0_right.png,0,0,0.9997549653053284,0,0.9992524746570264,0.0,0,0,No Change,No Change
1_calibration_1.2_035_1631441717.600000021_patches_patch_2340_2199_81.870_0_right.png,0,0,0.997692088286082,0,0.998730532890008,0.0,0,0,No Change,No Change
1_calibration_1.2_036_1631441717.700000028_patches_patch_2340_2199_81.870_0_right.png,0,0,0.9996162454287212,0,0.9992976543679905,0.0,0,0,No Change,No Change
1_calibration_1.2_037_1631441717.800000002_patches_patch_2341_2199_81.900_0_right.png,0,0,0.9997760852177938,0,0.9995416934646162,0.0,0,0,No Change,No Change
1_calibration_1.2_038_1631441717.900000009_patches_patch_2342_2199_81.870_0_right.png,0,0,0.9995140631993612,0,0.9994928033145604,0.0,0,0,No Change,No Change
1_calibration_1.2_039_1631441718.000000015_patches_patch_2342_2199_82.139_0_right.png,0,0,0.9995673298835754,0,0.9994225333731768,0.0,0,0,No Change,No Change
1_calibration_1.2_040_1631441718.100000021_patches_patch_2342_2199_82.076_0_right.png,0,0,0.9995338519414266,0,0.9991897029926764,0.0,0,0,No Change,No Change
1_calibration_1.2_041_1631441718.200000028_patches_patch_2342_2199_82.168_0_right.png,0,0,0.9991204539934794,0,0.9985085764529104,0.0,0,0,No Change,No Change
1_calibration_1.2_042_1631441718.300000002_patches_patch_2340_2199_82.405_0_right.png,0,0,0.9961411158243816,0,0.9972586770435004,0.0,0,0,No Change,No Change
1_calibration_1.2_043_1631441718.400000009_patches_patch_2340_2199_82.405_0_right.png,0,0,0.9992144107818604,0,0.9972828821393556,0.0,0,0,No Change,No Change
1_calibration_1.2_044_1631441718.500000013_patches_patch_2340_2199_82.377_0_right.png,0,0,0.999496042728424,0,0.9948501621455074,0.0,0,0,No Change,No Change
1_calibration_1.2_045_1631441718.600000016_patches_patch_2340_2199_82.325_0_right.png,0,0,0.9753318627675376,0,0.9878110254702852,0.0,0,0,No Change,No Change
1_calibration_1.2_046_1631441718.700000019_patches_patch_2339_2199_82.215_0_right.png,0,0,0.9992676973342896,0,0.9939706589403832,0.0,0,0,No Change,No Change
1_calibration_1.2_047_1631441718.800000022_patches_patch_2339_2199_82.204_0_right.png,0,0,0.993483285109202,0,0.994904738206544,0.0,0,0,No Change,No Change
1_calibration_1.2_048_1631441718.900000025_patches_patch_2338_2199_82.331_0_right.png,0,0,0.997661550839742,0,0.996799254991394,0.0,0,0,No Change,No Change
1_calibration_1.2_049_1631441719.000000028_patches_patch_2338_2199_82.281_0_right.png,0,0,0.999560018380483,0,0.9974698981112092,0.0,0,0,No Change,No Change
1_calibration_1.2_050_1631441719.100000031_patches_patch_2337_2199_82.562_0_right.png,0,0,0.9997762044270834,0,0.9946583416818172,0.0,0,0,No Change,No Change
1_calibration_1.2_051_1631441719.200000002_patches_patch_2337_2199_82.405_0_right.png,0,0,0.9992220203081766,0,0.984832827160518,0.0,0,0,No Change,No Change
1_calibration_1.2_052_1631441719.300000006_patches_patch_2336_2199_82.562_0_right.png,0,0,0.9996261795361836,0,0.9602711785746156,0.0,0,0,No Change,No Change
1_calibration_1.2_053_1631441719.400000009_patches_patch_2335_2199_82.562_0_right.png,0,0,0.9990204771359762,0,0.8951149710494887,0.0,0,0,No Change,No Change
1_calibration_1.2_054_1631441719.500000009_patches_patch_2335_2199_82.875_0_right.png,0,0,0.8813660740852356,0,0.706321698961986,0.0,0,0,No Change,No Change
1_calibration_1.2_059_1631441720.000000009_patches_patch_2340_2199_83.395_0_right.png,0,0,0.9438615441322328,0,0.7379776814988402,0.0,0,0,No Change,No Change
1_calibration_1.2_060_1631441720.100000008_patches_patch_2343_2199_84.000_0_right.png,0,0,0.97689555088679,0,0.7993668707159579,0.0,0,0,No Change,No Change
1_calibration_1.2_062_1631441720.300000008_patches_patch_2342_2199_83.640_0_right.png,0,0,0.9904876152674356,0,0.8708897391745404,0.0,0,0,No Change,No Change
1_calibration_1.2_063_1631441720.400000008_patches_patch_2342_2199_83.640_0_right.png,0,0,0.9972261587778728,0,0.9527594019917524,0.0,0,0,No Change,No Change
1_calibration_1.2_064_1631441720.500000011_patches_patch_2342_2199_83.640_0_right.png,0,0,0.9994829297065736,0,0.9726801397358228,0.0,0,0,No Change,No Change
1_calibration_1.2_065_1631441720.600000015_patches_patch_2341_2199_83.149_0_right.png,0,0,0.9994147022565206,0,0.964064129101074,0.0,0,0,No Change,No Change
1_calibration_1.2_066_1631441720.700000019_patches_patch_2341_2199_83.149_0_right.png,0,0,0.9934536616007488,0,0.9187444004199908,0.0,0,0,No Change,No Change
1_calibration_1.2_067_1631441720.800000023_patches_patch_2341_2199_83.149_0_right.png,0,0,0.9303781390190125,0,0.7885080064226097,0.0,0,0,No Change,No Change
1_calibration_1.2_068_1631441720.900000027_patches_patch_2341_2199_83.149_0_right.png,0,0,0.5134006988567611,1,0.4992695905661085,0.0,1,0,Correct → Wrong,No Change
1_calibration_1.2_073_1631441721.400000015_patches_patch_2336_2199_83.290_0_right.png,0,0,0.6669636374960343,0,0.5870588803861078,0.0,0,0,No Change,No Change
1_calibration_1.2_074_1631441721.500000011_patches_patch_2337_2199_83.189_0_right.png,0,0,0.996998151143392,0,0.8471073522748266,0.0,0,0,No Change,No Change
1_calibration_1.2_075_1631441721.600000004_patches_patch_2334_2199_83.201_0_right.png,0,0,0.9997509717941284,0,0.937214056999068,0.0,0,0,No Change,No Change
1_calibration_1.2_076_1631441721.700000030_patches_patch_2337_2199_83.177_0_right.png,0,0,0.999267876148224,0,0.95795072792208,0.0,0,0,No Change,No Change
1_calibration_1.2_077_1631441721.800000023_patches_patch_2336_2199_83.278_0_right.png,0,0,0.9982544779777528,0,0.9333020549904102,0.0,0,0,No Change,No Change
1_calibration_1.2_078_1631441721.900000017_patches_patch_2337_2199_83.177_0_right.png,0,0,0.8315223852793375,0,0.8351502322312623,0.0,0,0,No Change,No Change
1_calibration_1.2_079_1631441722.000000011_patches_patch_2336_2199_83.278_0_right.png,0,0,0.6665577510527024,0,0.7402762394821231,0.0,0,0,No Change,No Change
1_calibration_1.2_080_1631441722.100000004_patches_patch_2334_2199_83.278_0_right.png,0,0,0.7244239548842112,0,0.7264063844236501,0.0,0,0,No Change,No Change
1_calibration_1.2_081_1631441722.200000030_patches_patch_2334_2199_83.278_0_right.png,0,0,0.7370290408531824,0,0.7156321886328089,0.0,0,0,No Change,No Change
1_calibration_1.2_082_1631441722.300000024_patches_patch_2334_2199_83.278_0_right.png,0,0,0.6663731511992713,0,0.6803161110153729,0.0,0,0,No Change,No Change
1_calibration_1.2_083_1631441722.400000017_patches_patch_2334_2199_83.278_0_right.png,0,0,0.6379854416397089,0,0.6607055864769715,0.0,0,0,No Change,No Change
1_calibration_1.2_084_1631441722.500000024_patches_patch_2333_2199_83.278_0_right.png,0,0,0.6591875505012771,0,0.666924171679239,0.0,0,0,No Change,No Change
1_calibration_1.2_085_1631441722.600000002_patches_patch_2333_2199_83.189_0_right.png,0,0,0.673989238217473,0,0.6810823174774048,0.0,0,0,No Change,No Change
1_calibration_1.2_086_1631441722.700000012_patches_patch_2332_2199_83.290_0_right.png,0,0,0.6634089176853498,0,0.7070646967723269,0.0,0,0,No Change,No Change
1_calibration_1.2_087_1631441722.800000022_patches_patch_2331_2199_83.201_0_right.png,0,0,0.8951287269592285,0,0.7755486720063224,0.0,0,0,No Change,No Change
1_calibration_1.2_088_1631441722.900000000_patches_patch_2330_2199_83.302_0_right.png,0,0,0.6546887525667747,0,0.7166261555169965,0.0,0,0,No Change,No Change
1_calibration_1.2_089_1631441723.000000010_patches_patch_2329_2199_83.314_0_right.png,0,0,0.6648989708628505,0,0.7237407846940682,0.0,0,0,No Change,No Change
1_calibration_1.2_090_1631441723.100000020_patches_patch_2327_2199_83.278_0_right.png,0,0,0.8924728234608968,0,0.7934365584019476,0.0,0,0,No Change,No Change
1_calibration_1.2_091_1631441723.200000030_patches_patch_2328_2199_83.290_0_right.png,0,0,0.6647576992205965,0,0.762874082217006,0.0,0,0,No Change,No Change
1_calibration_1.2_092_1631441723.300000007_patches_patch_2333_2199_83.403_0_right.png,0,0,0.9881837765375772,0,0.8276057533458535,0.0,0,0,No Change,No Change
1_calibration_1.2_093_1631441723.400000017_patches_patch_2328_2199_83.480_0_right.png,0,0,0.6540995809870461,0,0.7258781584134889,0.0,0,0,No Change,No Change
1_calibration_1.2_094_1631441723.500000014_patches_patch_2329_2199_83.593_0_right.png,0,0,0.6577603349384541,0,0.6969268771549818,0.0,0,0,No Change,No Change
1_calibration_1.2_095_1631441723.600000007_patches_patch_2327_2199_83.531_0_right.png,0,0,0.7325521061817805,0,0.7148541283315634,0.0,0,0,No Change,No Change
1_calibration_1.2_096_1631441723.700000001_patches_patch_2329_2199_83.531_0_right.png,0,0,0.6720798847575983,0,0.7122391923124853,0.0,0,0,No Change,No Change
1_calibration_1.2_097_1631441723.800000026_patches_patch_2328_2199_83.531_0_right.png,0,0,0.6742253943036,0,0.7550010440995121,0.0,0,0,No Change,No Change
1_calibration_1.2_098_1631441723.900000020_patches_patch_2329_2199_83.543_0_right.png,0,0,0.9438814520835876,0,0.8861849828318985,0.0,0,0,No Change,No Change
10_station_suelldorf_10.1_216_1631703820.700000022_patches_patch_2252_2199_80.668_0_right.png,1,1,0.0002317937954406,1,0.0002546043724533,1.0,0,0,No Change,No Change
10_station_suelldorf_10.1_217_1631703820.800000017_patches_patch_2247_2199_81.254_0_right.png,1,1,0.0001906784382299,1,0.0002978645429619,1.0,0,0,No Change,No Change
10_station_suelldorf_10.1_218_1631703820.900000012_patches_patch_2250_2199_81.133_0_right.png,1,1,0.0005114226757238,1,0.000453810891143,1.0,0,0,No Change,No Change
10_station_suelldorf_10.1_219_1631703821.000000006_patches_patch_2246_2199_80.904_0_right.png,1,1,0.0005281139650226,1,0.0005512728959181,1.0,0,0,No Change,No Change
10_station_suelldorf_10.1_220_1631703821.100000030_patches_patch_2246_2199_80.904_0_right.png,1,1,0.0007184817101612,1,0.0006759681705981,1.0,0,0,No Change,No Change
10_station_suelldorf_10.1_221_1631703821.200000017_patches_patch_2248_2199_80.828_0_right.png,1,1,0.0010384433747579,1,0.0007446392772285,1.0,0,0,No Change,No Change
10_station_suelldorf_10.1_222_1631703821.300000003_patches_patch_2249_2199_80.583_0_right.png,1,1,0.0002848315052688,1,0.0005001052172298,1.0,0,0,No Change,No Change
10_station_suelldorf_10.1_223_1631703821.400000022_patches_patch_2254_2199_80.538_0_right.png,1,1,0.0004393040847692,1,0.0004769097846875,1.0,0,0,No Change,No Change
10_station_suelldorf_10.1_224_1631703821.500000008_patches_patch_2258_2199_80.403_0_right.png,1,1,0.0003466300937967,1,0.0005141740909426,1.0,0,0,No Change,No Change
10_station_suelldorf_10.1_225_1631703821.600000027_patches_patch_2258_2199_80.403_0_right.png,1,1,0.0008482019038638,1,0.0007246798478248,1.0,0,0,No Change,No Change
11_main_station_11.1_276_1631531579.700000017_patches_patch_1486_2199_106.185_0_left.png,1,1,0.0188956267617565,1,0.0165219966714221,1.0,0,0,No Change,No Change
11_main_station_11.1_277_1631531579.800000026_patches_patch_1484_2199_106.314_0_left.png,1,1,0.0044730237617235,1,0.0127402499662019,1.0,0,0,No Change,No Change
11_main_station_11.1_278_1631531579.900000003_patches_patch_1478_2199_106.533_0_left.png,1,1,0.0254261117855397,1,0.0173179567871553,1.0,0,0,No Change,No Change
11_main_station_11.1_279_1631531580.000000014_patches_patch_1472_2199_106.329_0_left.png,1,1,0.0039880579255016,1,0.0141150495559228,1.0,0,0,No Change,No Change
11_main_station_11.1_280_1631531580.100000029_patches_patch_1466_2199_106.504_0_left.png,1,1,0.0376755259106479,1,0.0207784058566237,1.0,0,0,No Change,No Change
11_main_station_11.1_281_1631531580.200000012_patches_patch_1461_2199_106.712_0_left.png,1,1,0.0031530697160633,1,0.009867394358948,1.0,0,0,No Change,No Change
11_main_station_11.1_282_1631531580.300000026_patches_patch_1456_2199_106.202_0_left.png,1,1,0.0041425097151659,1,0.005506681896958,1.0,0,0,No Change,No Change
11_main_station_11.1_283_1631531580.400000009_patches_patch_1453_2199_106.661_0_left.png,1,1,0.0019507235580628,1,0.003202397640394,1.0,0,0,No Change,No Change
11_main_station_11.1_284_1631531580.500000024_patches_patch_1449_2199_106.523_0_left.png,1,1,0.0007554564120558,1,0.0021630011497636,1.0,0,0,No Change,No Change
11_main_station_11.1_285_1631531580.600000006_patches_patch_1449_2199_106.523_0_left.png,1,1,0.0029211944444493,1,0.0026217860857911,1.0,0,0,No Change,No Change
13_station_ohlsdorf_13.1_065_1631176102.600000028_patches_patch_1925_2199_112.025_0_left.png,1,1,0.0018022405323184,1,0.0064361135495546,1.0,0,0,No Change,No Change
13_station_ohlsdorf_13.1_066_1631176102.700000029_patches_patch_1932_2199_112.005_0_left.png,1,1,0.0006100153501999,1,0.0135802343805443,1.0,0,0,No Change,No Change
13_station_ohlsdorf_13.1_067_1631176102.800000030_patches_patch_1939_2199_112.347_0_left.png,1,1,0.0005889959235598,1,0.0328335552876534,1.0,0,0,No Change,No Change
13_station_ohlsdorf_13.1_068_1631176102.900000025_patches_patch_1941_2199_112.620_0_left.png,1,1,0.0020638161707514,1,0.0967318047279949,1.0,0,0,No Change,No Change
13_station_ohlsdorf_13.1_069_1631176103.000000018_patches_patch_1945_2199_112.334_0_left.png,1,0,0.5438731374839941,1,0.253119346874626,1.0,1,1,Wrong → Correct,Wrong → Correct
13_station_ohlsdorf_13.1_070_1631176103.100000011_patches_patch_1949_2199_113.521_0_left.png,1,1,0.0027482992736622,1,0.0999486080100636,1.0,0,0,No Change,No Change
13_station_ohlsdorf_13.1_071_1631176103.200000004_patches_patch_1956_2199_112.788_0_left.png,1,1,0.0031119201060694,1,0.0419381491944759,1.0,0,0,No Change,No Change
13_station_ohlsdorf_13.1_072_1631176103.300000030_patches_patch_1961_2199_112.471_0_left.png,1,1,0.0099441887189944,1,0.0349752212144253,1.0,0,0,No Change,No Change
13_station_ohlsdorf_13.1_073_1631176103.400000023_patches_patch_1966_2199_114.652_0_left.png,1,1,0.007613241362075,1,0.0554530637154744,1.0,0,0,No Change,No Change
13_station_ohlsdorf_13.1_074_1631176103.500000016_patches_patch_1980_2199_113.505_0_left.png,1,1,0.1672919516762097,1,0.1258611871007065,1.0,0,0,No Change,No Change
14_signals_station_14.3_017_1631450781.800000025_patches_patch_1575_2199_107.477_0_left.png,1,1,0.0002511314111567,1,0.0002358876799522,1.0,0,0,No Change,No Change
14_signals_station_14.3_018_1631450781.900000000_patches_patch_1572_2199_107.086_0_left.png,1,1,0.000174197495653,1,0.000209673339996,1.0,0,0,No Change,No Change
14_signals_station_14.3_019_1631450782.000000006_patches_patch_1566_2199_107.710_0_left.png,1,1,0.0002077807112073,1,0.0002240080612413,1.0,0,0,No Change,No Change
14_signals_station_14.3_020_1631450782.100000012_patches_patch_1566_2199_107.710_0_left.png,1,1,0.0003373118961462,1,0.0002539114423418,1.0,0,0,No Change,No Change
14_signals_station_14.3_021_1631450782.200000019_patches_patch_1566_2199_107.710_0_left.png,1,1,0.0001467849579057,1,0.0001943107534344,1.0,0,0,No Change,No Change
14_signals_station_14.3_022_1631450782.300000025_patches_patch_1566_2199_107.710_0_left.png,1,1,0.0001632491330383,1,0.0001833633553298,1.0,0,0,No Change,No Change
14_signals_station_14.3_023_1631450782.400000006_patches_patch_1566_2199_107.710_0_left.png,1,1,0.0001831797587025,1,0.0001985430294258,1.0,0,0,No Change,No Change
14_signals_station_14.3_024_1631450782.500000021_patches_patch_1566_2199_107.710_0_left.png,1,1,0.0002569399609152,1,0.0002295117103112,1.0,0,0,No Change,No Change
14_signals_station_14.3_025_1631450782.600000004_patches_patch_1566_2199_107.710_0_left.png,1,1,0.0002583289242465,1,0.0002295213471482,1.0,0,0,No Change,No Change
14_signals_station_14.3_026_1631450782.700000019_patches_patch_1568_2199_107.819_0_left.png,1,1,0.0001797374279703,1,0.0001979408271054,1.0,0,0,No Change,No Change
1_calibration_1.2_055_1631441719.600000009_patches_patch_2336_2199_83.457_0_right.png,1,1,0.047611778602004,1,0.3320437468364588,1.0,0,0,No Change,No Change
1_calibration_1.2_056_1631441719.700000009_patches_patch_2337_2199_83.841_0_right.png,1,1,0.1020074766129255,1,0.2687555065816207,1.0,0,0,No Change,No Change
1_calibration_1.2_057_1631441719.800000009_patches_patch_2337_2199_84.408_0_right.png,1,1,0.4543010604878266,1,0.390075546596484,1.0,0,0,No Change,No Change
1_calibration_1.2_058_1631441719.900000009_patches_patch_2340_2199_83.395_0_right.png,1,1,0.2390963273743788,1,0.4518573187192696,1.0,0,0,No Change,No Change
1_calibration_1.2_061_1631441720.200000008_patches_patch_2343_2199_83.640_0_right.png,1,1,0.3623340974251429,0,0.6704605610830306,1.0,1,0,Correct → Wrong,No Change
1_calibration_1.2_069_1631441721.000000031_patches_patch_2341_2199_83.149_0_right.png,1,1,0.0007686878961976,1,0.1971261271136027,1.0,0,0,No Change,No Change
1_calibration_1.2_070_1631441721.100000003_patches_patch_2337_2199_83.089_0_right.png,1,1,0.0010535155597608,1,0.1135375737074774,1.0,0,0,No Change,No Change
1_calibration_1.2_071_1631441721.200000007_patches_patch_2337_2199_83.089_0_right.png,1,1,0.112348292779643,1,0.1533338002754241,1.0,0,0,No Change,No Change
1_calibration_1.2_072_1631441721.300000011_patches_patch_2337_2199_83.089_0_right.png,1,1,0.0136514192757507,1,0.2448600372849143,1.0,0,0,No Change,No Change
1_calibration_1.2_099_1631441724.000000013_patches_patch_2331_2199_83.555_0_right.png,1,0,0.9945516983668008,0,0.955931495600138,0.0,0,0,No Change,No Change
3_fire_site_3.3_056_1631639533.600000031_patches_patch_1574_2199_108.800_0_left.png,1,1,0.0035239893913967,1,0.0049075769860773,1.0,0,0,No Change,No Change
3_fire_site_3.3_057_1631639533.700000011_patches_patch_1574_2199_108.800_0_left.png,1,1,0.0104461981585094,1,0.0071527442163211,1.0,0,0,No Change,No Change
3_fire_site_3.3_058_1631639533.800000023_patches_patch_1574_2199_108.800_0_left.png,1,1,0.0030261712672654,1,0.0060165850666537,1.0,0,0,No Change,No Change
3_fire_site_3.3_059_1631639533.900000004_patches_patch_1565_2199_108.538_0_left.png,1,1,0.0103344225305287,1,0.0079390429824106,1.0,0,0,No Change,No Change
3_fire_site_3.3_060_1631639534.000000016_patches_patch_1565_2199_108.538_0_left.png,1,1,0.0078612046054331,1,0.0073905626515203,1.0,0,0,No Change,No Change
3_fire_site_3.3_061_1631639534.100000029_patches_patch_1563_2199_108.229_0_left.png,1,1,0.0054627961944788,1,0.006077527743725,1.0,0,0,No Change,No Change
3_fire_site_3.3_062_1631639534.200000009_patches_patch_1566_2199_105.116_0_left.png,1,1,0.001249248428697,1,0.0058113407269894,1.0,0,0,No Change,No Change
3_fire_site_3.3_063_1631639534.300000018_patches_patch_1565_2199_105.901_0_left.png,1,1,0.0193993826978839,1,0.0101439723851947,1.0,0,0,No Change,No Change
3_fire_site_3.3_064_1631639534.400000027_patches_patch_1567_2199_105.593_0_left.png,1,1,0.0008557953745669,1,0.0046867400205088,1.0,0,0,No Change,No Change
3_fire_site_3.3_065_1631639534.500000004_patches_patch_1567_2199_105.593_0_left.png,1,1,0.0022148988840247,1,0.003011012854927,1.0,0,0,No Change,No Change
6_station_klein_flottbek_6.2_061_1631704655.200000011_patches_patch_2497_2199_83.974_0_right.png,1,1,0.0001266744778452,1,0.0001375910992,1.0,0,0,No Change,No Change
6_station_klein_flottbek_6.2_062_1631704655.300000003_patches_patch_2491_2199_84.240_0_right.png,1,1,0.0001605099726778,1,0.0001561716449402,1.0,0,0,No Change,No Change
6_station_klein_flottbek_6.2_063_1631704655.400000027_patches_patch_2490_2199_83.978_0_right.png,1,1,0.000163146178238,1,0.0001697587023394,1.0,0,0,No Change,No Change
6_station_klein_flottbek_6.2_064_1631704655.500000019_patches_patch_2490_2199_83.978_0_right.png,1,1,0.0001655028463574,1,0.0001928938130402,1.0,0,0,No Change,No Change
6_station_klein_flottbek_6.2_065_1631704655.600000010_patches_patch_2484_2199_84.102_0_right.png,1,1,0.0003236480503498,1,0.0002427193841892,1.0,0,0,No Change,No Change
6_station_klein_flottbek_6.2_066_1631704655.700000002_patches_patch_2483_2199_84.476_0_right.png,1,1,0.0001681280967507,1,0.0002066902737959,1.0,0,0,No Change,No Change
6_station_klein_flottbek_6.2_067_1631704655.800000026_patches_patch_2475_2199_84.227_0_right.png,1,1,0.0002020217652898,1,0.0002095948750683,1.0,0,0,No Change,No Change
6_station_klein_flottbek_6.2_068_1631704655.900000015_patches_patch_2469_2199_84.102_0_right.png,1,1,0.0002294359752947,1,0.0002236867611914,1.0,0,0,No Change,No Change
6_station_klein_flottbek_6.2_069_1631704656.000000001_patches_patch_2466_2199_83.605_0_right.png,1,1,0.0002402903871067,1,0.0002302794921572,1.0,0,0,No Change,No Change
6_station_klein_flottbek_6.2_070_1631704656.100000020_patches_patch_2463_2199_83.093_0_right.png,1,1,0.0002196641847452,1,0.000225851683923,1.0,0,0,No Change,No Change
6_station_klein_flottbek_6.2_071_1631704656.200000007_patches_patch_2461_2199_83.744_0_right.png,1,1,0.0002329376002307,1,0.0002275227689584,1.0,0,0,No Change,No Change
6_station_klein_flottbek_6.2_072_1631704656.300000026_patches_patch_2458_2199_83.871_0_right.png,1,1,0.0002097002167526,1,0.0002244004269204,1.0,0,0,No Change,No Change
6_station_klein_flottbek_6.2_073_1631704656.400000013_patches_patch_2456_2199_83.505_0_right.png,1,1,0.000247608773255,1,0.0002366223313212,1.0,0,0,No Change,No Change
6_station_klein_flottbek_6.2_074_1631704656.500000000_patches_patch_2454_2199_83.618_0_right.png,1,1,0.0002392780297668,1,0.0002381513071961,1.0,0,0,No Change,No Change
6_station_klein_flottbek_6.2_075_1631704656.600000018_patches_patch_2451_2199_83.618_0_right.png,1,1,0.0002518500429384,1,0.00023685450279,1.0,0,0,No Change,No Change
6_station_klein_flottbek_6.2_076_1631704656.700000005_patches_patch_2451_2199_83.618_0_right.png,1,1,0.000184036369319,1,0.0002201974328614,1.0,0,0,No Change,No Change
6_station_klein_flottbek_6.2_077_1631704656.800000024_patches_patch_2447_2199_83.433_0_right.png,1,1,0.0002196126224589,1,0.0002424401752779,1.0,0,0,No Change,No Change
6_station_klein_flottbek_6.2_078_1631704656.900000011_patches_patch_2439_2199_83.433_0_right.png,1,1,0.000289113879262,1,0.0002906594183332,1.0,0,0,No Change,No Change
6_station_klein_flottbek_6.2_079_1631704657.000000030_patches_patch_2439_2199_83.433_0_right.png,1,1,0.0003565989851873,1,0.0003416009234907,1.0,0,0,No Change,No Change
6_station_klein_flottbek_6.2_080_1631704657.100000017_patches_patch_2435_2199_83.560_0_right.png,1,1,0.0004529021728861,1,0.0003734943658151,1.0,0,0,No Change,No Change
6_station_klein_flottbek_6.2_081_1631704657.200000004_patches_patch_2431_2199_83.343_0_right.png,1,1,0.0003123182274672,1,0.000319127034157,1.0,0,0,No Change,No Change
6_station_klein_flottbek_6.2_082_1631704657.300000023_patches_patch_2429_2199_83.733_0_right.png,1,1,0.0002561342625995,1,0.0002697839875675,1.0,0,0,No Change,No Change
6_station_klein_flottbek_6.2_083_1631704657.400000010_patches_patch_2426_2199_83.205_0_right.png,1,1,0.0002088875165403,1,0.0002385151163723,1.0,0,0,No Change,No Change
6_station_klein_flottbek_6.2_084_1631704657.500000029_patches_patch_2425_2199_83.189_0_right.png,1,1,0.0002680937274514,1,0.000237382895245,1.0,0,0,No Change,No Change
6_station_klein_flottbek_6.2_085_1631704657.600000016_patches_patch_2423_2199_83.173_0_right.png,1,1,0.0001698314760384,1,0.0002048414916422,1.0,0,0,No Change,No Change
6_station_klein_flottbek_6.2_086_1631704657.700000003_patches_patch_2419_2199_82.875_0_right.png,1,1,0.0002234396694499,1,0.0002078085739504,1.0,0,0,No Change,No Change
6_station_klein_flottbek_6.2_087_1631704657.800000022_patches_patch_2414_2199_83.125_0_right.png,1,1,0.0001755087408431,1,0.0001967033590259,1.0,0,0,No Change,No Change
6_station_klein_flottbek_6.2_088_1631704657.900000002_patches_patch_2410_2199_83.109_0_right.png,1,1,0.0002148417503728,1,0.0002070860514409,1.0,0,0,No Change,No Change
6_station_klein_flottbek_6.2_089_1631704658.000000012_patches_patch_2407_2199_82.959_0_right.png,1,1,0.0002100827987305,1,0.0002103236996533,1.0,0,0,No Change,No Change
6_station_klein_flottbek_6.2_090_1631704658.100000022_patches_patch_2405_2199_82.959_0_right.png,1,1,0.0002191874324732,1,0.0002133278091408,1.0,0,0,No Change,No Change
6_station_klein_flottbek_6.2_091_1631704658.200000000_patches_patch_2400_2199_82.925_0_right.png,1,1,0.0002199785327926,1,0.0002094021400649,1.0,0,0,No Change,No Change
6_station_klein_flottbek_6.2_092_1631704658.300000010_patches_patch_2397_2199_83.044_0_right.png,1,1,0.0001716481492621,1,0.0001950096005794,1.0,0,0,No Change,No Change
6_station_klein_flottbek_6.2_093_1631704658.400000020_patches_patch_2392_2199_83.130_0_right.png,1,1,0.0002164281759178,1,0.0002055899237808,1.0,0,0,No Change,No Change
6_station_klein_flottbek_6.2_094_1631704658.500000030_patches_patch_2389_2199_83.114_0_right.png,1,1,0.0002057058760935,1,0.0002048095913586,1.0,0,0,No Change,No Change
6_station_klein_flottbek_6.2_095_1631704658.600000008_patches_patch_2385_2199_83.234_0_right.png,1,1,0.000180434018451,1,0.0002022031183176,1.0,0,0,No Change,No Change
6_station_klein_flottbek_6.2_096_1631704658.700000018_patches_patch_2382_2199_83.201_0_right.png,1,1,0.0001942922754096,1,0.0002262699961697,1.0,0,0,No Change,No Change
6_station_klein_flottbek_6.2_097_1631704658.800000028_patches_patch_2378_2199_83.306_0_right.png,1,1,0.000356568833619,1,0.0002818080090545,1.0,0,0,No Change,No Change
6_station_klein_flottbek_6.2_098_1631704658.900000013_patches_patch_2376_2199_83.152_0_right.png,1,1,0.0001934683532454,1,0.0002589825430785,1.0,0,0,No Change,No Change
6_station_klein_flottbek_6.2_099_1631704659.000000000_patches_patch_2372_2199_82.996_0_right.png,1,1,0.0003113475589392,1,0.0003051466270986,1.0,0,0,No Change,No Change
6_station_klein_flottbek_6.2_100_1631704659.100000019_patches_patch_2375_2199_83.199_0_right.png,1,1,0.0003940397291444,1,0.0003468677516653,1.0,0,0,No Change,No Change
6_station_klein_flottbek_6.2_101_1631704659.200000005_patches_patch_2373_2199_82.940_0_right.png,1,1,0.0003405777266986,1,0.0003333957797192,1.0,0,0,No Change,No Change
6_station_klein_flottbek_6.2_102_1631704659.300000024_patches_patch_2369_2199_83.320_0_right.png,1,1,0.0002329296112293,1,0.0003164991559825,1.0,0,0,No Change,No Change
6_station_klein_flottbek_6.2_103_1631704659.400000011_patches_patch_2365_2199_82.811_0_right.png,1,1,0.0005215354419002,1,0.0003854989224588,1.0,0,0,No Change,No Change
6_station_klein_flottbek_6.2_104_1631704659.500000030_patches_patch_2360_2199_83.379_0_right.png,1,1,0.0002468811338379,1,0.0003114634975708,1.0,0,0,No Change,No Change
6_station_klein_flottbek_6.2_105_1631704659.600000017_patches_patch_2356_2199_82.875_0_right.png,1,1,0.0002932868471058,1,0.0002999656845909,1.0,0,0,No Change,No Change
6_station_klein_flottbek_6.2_106_1631704659.700000004_patches_patch_2353_2199_83.320_0_right.png,1,1,0.0002635684989703,1,0.0003038986687688,1.0,0,0,No Change,No Change
6_station_klein_flottbek_6.2_107_1631704659.800000022_patches_patch_2353_2199_83.320_0_right.png,1,1,0.0004290712968213,1,0.0003480072015133,1.0,0,0,No Change,No Change
6_station_klein_flottbek_6.2_108_1631704659.900000001_patches_patch_2348_2199_83.494_0_right.png,1,1,0.0003099340586535,1,0.0003040935017471,1.0,0,0,No Change,No Change
6_station_klein_flottbek_6.2_109_1631704660.000000011_patches_patch_2348_2199_83.494_0_right.png,1,1,0.000201105227461,1,0.0002514976671977,1.0,0,0,No Change,No Change
6_station_klein_flottbek_6.2_110_1631704660.100000021_patches_patch_2350_2199_82.999_0_right.png,1,1,0.0002334813616471,1,0.0002561325624149,1.0,0,0,No Change,No Change
6_station_klein_flottbek_6.2_111_1631704660.200000030_patches_patch_2353_2199_83.494_0_right.png,1,1,0.0003053468705426,1,0.0002878255246429,1.0,0,0,No Change,No Change
6_station_klein_flottbek_6.2_112_1631704660.300000008_patches_patch_2353_2199_83.320_0_right.png,1,1,0.0003583879006328,1,0.0002975096113018,1.0,0,0,No Change,No Change
6_station_klein_flottbek_6.2_113_1631704660.400000017_patches_patch_2353_2199_83.320_0_right.png,1,1,0.0002017280518581,1,0.0002412180884244,1.0,0,0,No Change,No Change
6_station_klein_flottbek_6.2_114_1631704660.500000027_patches_patch_2357_2199_83.260_0_right.png,1,1,0.0001899757941525,1,0.0002277171463798,1.0,0,0,No Change,No Change
6_station_klein_flottbek_6.2_115_1631704660.600000004_patches_patch_2357_2199_83.260_0_right.png,1,1,0.0002389252185821,1,0.0002586321318124,1.0,0,0,No Change,No Change
6_station_klein_flottbek_6.2_116_1631704660.700000014_patches_patch_2359_2199_83.660_0_right.png,1,1,0.0003481063249637,1,0.0003052346431269,1.0,0,0,No Change,No Change
6_station_klein_flottbek_6.2_117_1631704660.800000023_patches_patch_2359_2199_83.660_0_right.png,1,1,0.0001574360624848,1,0.0003166312796814,1.0,0,0,No Change,No Change
6_station_klein_flottbek_6.2_118_1631704660.900000030_patches_patch_2360_2199_82.755_0_right.png,1,1,0.0007751246157567,1,0.0004880780482612,1.0,0,0,No Change,No Change
6_station_klein_flottbek_6.2_119_1631704661.000000005_patches_patch_2360_2199_82.755_0_right.png,1,1,0.0002645014295315,1,0.0003567704475233,1.0,0,0,No Change,No Change
6_station_klein_flottbek_6.2_120_1631704661.100000011_patches_patch_2360_2199_82.755_0_right.png,1,1,0.0002612129319459,1,0.0003158578422374,1.0,0,0,No Change,No Change
6_station_klein_flottbek_6.2_121_1631704661.200000018_patches_patch_2360_2199_82.755_0_right.png,1,1,0.0003927524230675,1,0.000340770043843,1.0,0,0,No Change,No Change
6_station_klein_flottbek_6.2_122_1631704661.300000024_patches_patch_2360_2199_82.694_0_right.png,1,1,0.0002766291872831,1,0.0003087270741175,1.0,0,0,No Change,No Change
6_station_klein_flottbek_6.2_123_1631704661.400000031_patches_patch_2360_2199_82.694_0_right.png,1,1,0.0002907155891686,1,0.0003098051977806,1.0,0,0,No Change,No Change
6_station_klein_flottbek_6.2_124_1631704661.500000005_patches_patch_2360_2199_82.694_0_right.png,1,1,0.0003907021261208,1,0.0003321032258625,1.0,0,0,No Change,No Change
6_station_klein_flottbek_6.2_125_1631704661.600000012_patches_patch_2360_2199_82.694_0_right.png,1,1,0.0002786130038051,1,0.0002909074539516,1.0,0,0,No Change,No Change
6_station_klein_flottbek_6.2_126_1631704661.700000018_patches_patch_2360_2199_82.694_0_right.png,1,1,0.0002387351875465,1,0.0002614634075129,1.0,0,0,No Change,No Change
6_station_klein_flottbek_6.2_127_1631704661.800000024_patches_patch_2360_2199_82.694_0_right.png,1,1,0.0002639862310995,1,0.0002584519424199,1.0,0,0,No Change,No Change
6_station_klein_flottbek_6.2_128_1631704661.900000004_patches_patch_2360_2199_83.606_0_right.png,1,1,0.0002593624109673,1,0.0002500763047596,1.0,0,0,No Change,No Change
6_station_klein_flottbek_6.2_129_1631704662.000000016_patches_patch_2360_2199_83.606_0_right.png,1,1,0.0002448380704057,1,0.0002299873750532,1.0,0,0,No Change,No Change
6_station_klein_flottbek_6.2_130_1631704662.100000027_patches_patch_2360_2199_83.606_0_right.png,1,1,0.0001666329311168,1,0.0001938120484046,1.0,0,0,No Change,No Change
6_station_klein_flottbek_6.2_131_1631704662.200000007_patches_patch_2360_2199_83.606_0_right.png,1,1,0.0001513222038435,1,0.000188320293076,1.0,0,0,No Change,No Change
6_station_klein_flottbek_6.2_132_1631704662.300000019_patches_patch_2359_2199_82.632_0_right.png,1,1,0.0002388586144661,1,0.0002238565420986,1.0,0,0,No Change,No Change
6_station_klein_flottbek_6.2_133_1631704662.400000031_patches_patch_2359_2199_82.632_0_right.png,1,1,0.0002628897588389,1,0.0002427032428837,1.0,0,0,No Change,No Change
6_station_klein_flottbek_6.2_134_1631704662.500000011_patches_patch_2359_2199_82.632_0_right.png,1,1,0.0002261370973428,1,0.0002397609070845,1.0,0,0,No Change,No Change
6_station_klein_flottbek_6.2_135_1631704662.600000022_patches_patch_2359_2199_82.632_0_right.png,1,1,0.0002867232930536,1,0.0002494925942564,1.0,0,0,No Change,No Change
6_station_klein_flottbek_6.2_136_1631704662.700000002_patches_patch_2358_2199_82.694_0_right.png,1,1,0.0001838807074818,1,0.0002220773976754,1.0,0,0,No Change,No Change
6_station_klein_flottbek_6.2_137_1631704662.800000014_patches_patch_2358_2199_82.694_0_right.png,1,1,0.000274807420889,1,0.0002326384400501,1.0,0,0,No Change,No Change
6_station_klein_flottbek_6.2_138_1631704662.900000000_patches_patch_2358_2199_82.694_0_right.png,1,1,0.0001762727770255,1,0.0002000812344536,1.0,0,0,No Change,No Change
6_station_klein_flottbek_6.2_139_1631704663.000000019_patches_patch_2358_2199_82.694_0_right.png,1,1,0.0001821893941572,1,0.0001913129600336,1.0,0,0,No Change,No Change
6_station_klein_flottbek_6.2_140_1631704663.100000006_patches_patch_2358_2199_82.694_0_right.png,1,1,0.0001876971994837,1,0.0001945038903481,1.0,0,0,No Change,No Change
6_station_klein_flottbek_6.2_141_1631704663.200000025_patches_patch_2358_2199_82.694_0_right.png,1,1,0.0002009802337852,1,0.0002051576643249,1.0,0,0,No Change,No Change
6_station_klein_flottbek_6.2_142_1631704663.300000012_patches_patch_2359_2199_83.454_0_right.png,1,1,0.0002206280381263,1,0.0002191623743046,1.0,0,0,No Change,No Change
6_station_klein_flottbek_6.2_143_1631704663.400000031_patches_patch_2359_2199_83.454_0_right.png,1,1,0.0001861291893874,1,0.0002344252416646,1.0,0,0,No Change,No Change
6_station_klein_flottbek_6.2_144_1631704663.500000018_patches_patch_2362_2199_82.589_0_right.png,1,1,0.0003205779915636,1,0.0003045341840394,1.0,0,0,No Change,No Change
6_station_klein_flottbek_6.2_145_1631704663.600000005_patches_patch_2362_2199_82.589_0_right.png,1,1,0.0004310583559951,1,0.0003513090031138,1.0,0,0,No Change,No Change
6_station_klein_flottbek_6.2_146_1631704663.700000024_patches_patch_2365_2199_82.213_0_right.png,1,1,0.0001492190543406,1,0.0003088323929699,1.0,0,0,No Change,No Change
6_station_klein_flottbek_6.2_147_1631704663.800000011_patches_patch_2365_2199_82.213_0_right.png,1,1,0.000262347246462,1,0.0004570467691161,1.0,0,0,No Change,No Change
6_station_klein_flottbek_6.2_148_1631704663.900000018_patches_patch_2365_2199_82.213_0_right.png,1,1,0.0014376000229579,1,0.0007981946723255,1.0,0,0,No Change,No Change
6_station_klein_flottbek_6.2_149_1631704664.000000024_patches_patch_2361_2199_83.713_0_right.png,1,1,0.0002310929752032,1,0.0004568643371675,1.0,0,0,No Change,No Change
6_station_klein_flottbek_6.2_150_1631704664.100000030_patches_patch_2360_2199_83.346_0_right.png,1,1,0.0003208798880223,1,0.0003351873735524,1.0,0,0,No Change,No Change
6_station_klein_flottbek_6.2_151_1631704664.200000004_patches_patch_2358_2199_83.290_0_right.png,1,1,0.0001800740986557,1,0.0002529541476756,1.0,0,0,No Change,No Change
6_station_klein_flottbek_6.2_152_1631704664.300000010_patches_patch_2357_2199_82.278_0_right.png,1,1,0.0002499985057511,1,0.0002419593071268,1.0,0,0,No Change,No Change
6_station_klein_flottbek_6.2_153_1631704664.400000016_patches_patch_2356_2199_82.933_0_right.png,1,1,0.0001905113155468,1,0.00022418229354,1.0,0,0,No Change,No Change
6_station_klein_flottbek_6.2_154_1631704664.500000023_patches_patch_2354_2199_83.103_0_right.png,1,1,0.00026167856898,1,0.0002416389640977,1.0,0,0,No Change,No Change
6_station_klein_flottbek_6.2_155_1631704664.600000029_patches_patch_2354_2199_83.103_0_right.png,1,1,0.0002416374870032,1,0.0002387873259654,1.0,0,0,No Change,No Change
6_station_klein_flottbek_6.2_156_1631704664.700000003_patches_patch_2354_2199_83.103_0_right.png,1,1,0.0002035950189262,1,0.0002325256493051,1.0,0,0,No Change,No Change
6_station_klein_flottbek_6.2_157_1631704664.800000009_patches_patch_2356_2199_83.047_0_right.png,1,1,0.0002511617397734,1,0.0002596722462177,1.0,0,0,No Change,No Change
6_station_klein_flottbek_6.2_158_1631704664.900000028_patches_patch_2358_2199_83.103_0_right.png,1,1,0.0003549327278354,1,0.0002949147125223,1.0,0,0,No Change,No Change
6_station_klein_flottbek_6.2_159_1631704665.000000015_patches_patch_2358_2199_83.103_0_right.png,1,1,0.000251313947956,1,0.0002650619328914,1.0,0,0,No Change,No Change
6_station_klein_flottbek_6.2_160_1631704665.100000001_patches_patch_2358_2199_83.103_0_right.png,1,1,0.0002395994160906,1,0.0002483408717531,1.0,0,0,No Change,No Change
7_approach_underground_station_7.2_673_1631705207.400000025_patches_patch_1050_2199_133.430_-1_right.png,1,1,0.0047808230107572,1,0.0084475842503283,1.0,0,0,No Change,No Change
7_approach_underground_station_7.2_673_1631705207.400000025_patches_patch_2357_2199_84.084_0_right.png,1,1,0.0002038043458014,1,0.0300486567189122,1.0,0,0,No Change,No Change
7_approach_underground_station_7.2_674_1631705207.500000017_patches_patch_1067_2199_133.324_-1_right.png,1,1,0.0280337490306313,1,0.0143866662982017,1.0,0,0,No Change,No Change
7_approach_underground_station_7.2_674_1631705207.500000017_patches_patch_2359_2199_84.013_0_right.png,1,1,0.0003318347783836,1,0.0895155483629305,1.0,0,0,No Change,No Change
7_approach_underground_station_7.2_675_1631705207.600000008_patches_patch_1085_2199_133.021_-1_right.png,1,1,0.0002274343617803,1,0.0058107763722619,1.0,0,0,No Change,No Change
7_approach_underground_station_7.2_675_1631705207.600000008_patches_patch_2367_2199_84.219_0_right.png,1,0,0.510653704269013,1,0.2359298612785339,1.0,1,1,Wrong → Correct,Wrong → Correct
7_approach_underground_station_7.2_676_1631705207.700000031_patches_patch_1096_2199_132.874_-1_right.png,1,1,0.001007443023506,1,0.0027808599809363,1.0,0,0,No Change,No Change
7_approach_underground_station_7.2_676_1631705207.700000031_patches_patch_2367_2199_84.219_0_right.png,1,1,0.0002524508721156,1,0.0895757435749789,1.0,0,0,No Change,No Change
7_approach_underground_station_7.2_677_1631705207.800000022_patches_patch_1102_2199_132.730_-1_right.png,1,1,0.0003807599059655,1,0.0020995577861338,1.0,0,0,No Change,No Change
7_approach_underground_station_7.2_677_1631705207.800000022_patches_patch_2366_2199_84.289_0_right.png,1,1,0.0003597602917579,1,0.0303057500995128,1.0,0,0,No Change,No Change
7_approach_underground_station_7.2_678_1631705207.900000013_patches_patch_1119_2199_132.550_-1_right.png,1,1,0.0002353150072546,1,0.0034543092118467,1.0,0,0,No Change,No Change
7_approach_underground_station_7.2_678_1631705207.900000013_patches_patch_2366_2199_84.289_0_right.png,1,1,0.0002014275451074,1,0.0126108211398559,1.0,0,0,No Change,No Change
7_approach_underground_station_7.2_679_1631705208.000000005_patches_patch_1136_2199_132.204_-1_right.png,1,1,0.0162334650194679,1,0.0079692100372268,1.0,0,0,No Change,No Change
7_approach_underground_station_7.2_679_1631705208.000000005_patches_patch_2375_2199_83.977_0_right.png,1,1,0.0034994921006727,1,0.0064276636463971,1.0,0,0,No Change,No Change
7_approach_underground_station_7.2_680_1631705208.100000028_patches_patch_1150_2199_131.945_-1_right.png,1,1,0.0007765432237647,1,0.0036924102650782,1.0,0,0,No Change,No Change
7_approach_underground_station_7.2_680_1631705208.100000028_patches_patch_2378_2199_84.141_0_right.png,1,1,0.0002189992325535,1,0.0024803553700317,1.0,0,0,No Change,No Change
7_approach_underground_station_7.2_681_1631705208.200000019_patches_patch_1174_2199_131.780_-1_right.png,1,1,0.0005201960872606,1,0.002342373021966,1.0,0,0,No Change,No Change
7_approach_underground_station_7.2_681_1631705208.200000019_patches_patch_2378_2199_84.141_0_right.png,1,1,0.000459151585043,1,0.0013333642982711,1.0,0,0,No Change,No Change
7_approach_underground_station_7.2_682_1631705208.300000010_patches_patch_1187_2199_131.461_-1_right.png,1,1,0.0037226969495047,1,0.0032360160114834,1.0,0,0,No Change,No Change
7_approach_underground_station_7.2_682_1631705208.300000010_patches_patch_2378_2199_84.005_0_right.png,1,1,0.0018308224583355,1,0.0015891368214939,1.0,0,0,No Change,No Change
7_approach_underground_station_7.3_068_1631705237.900000001_patches_patch_1564_2199_107.746_0_left.png,1,1,0.0004976859151308,1,0.0008580500486604,1.0,0,0,No Change,No Change
7_approach_underground_station_7.3_069_1631705238.000000006_patches_patch_1564_2199_107.746_0_left.png,1,1,0.0002468813521166,1,0.00175572600626,1.0,0,0,No Change,No Change
7_approach_underground_station_7.3_070_1631705238.100000011_patches_patch_1563_2199_107.828_0_left.png,1,1,0.0006752549185572,1,0.0044752938115143,1.0,0,0,No Change,No Change
7_approach_underground_station_7.3_071_1631705238.200000017_patches_patch_1566_2199_107.813_0_left.png,1,1,0.0006923187235467,1,0.0110440204579736,1.0,0,0,No Change,No Change
7_approach_underground_station_7.3_072_1631705238.300000022_patches_patch_1568_2199_107.820_0_left.png,1,1,0.0151788728132184,1,0.027717586200399,1.0,0,0,No Change,No Change
7_approach_underground_station_7.3_073_1631705238.400000017_patches_patch_1568_2199_107.779_0_left.png,1,1,0.0116076350289707,1,0.0630521102696163,1.0,0,0,No Change,No Change
7_approach_underground_station_7.3_074_1631705238.500000012_patches_patch_1567_2199_107.723_0_left.png,1,1,0.300633220312496,1,0.1479383600784168,1.0,0,0,No Change,No Change
7_approach_underground_station_7.3_075_1631705238.600000008_patches_patch_1567_2199_107.778_0_left.png,1,1,0.0022932689850373,1,0.0719938469344545,1.0,0,0,No Change,No Change
7_approach_underground_station_7.3_076_1631705238.700000003_patches_patch_1566_2199_107.778_0_left.png,1,1,0.0976782538928091,1,0.0642228624121735,1.0,0,0,No Change,No Change
7_approach_underground_station_7.3_077_1631705238.800000030_patches_patch_1564_2199_107.778_0_left.png,1,1,0.0028188072465127,1,0.0263537933613776,1.0,0,0,No Change,No Change
9_station_ruebenkamp_9.1_078_1631711159.900000020_patches_patch_1576_2199_107.614_0_left.png,1,1,0.007564926612152,1,0.0058613010862736,1.0,0,0,No Change,No Change
9_station_ruebenkamp_9.1_079_1631711160.000000012_patches_patch_1575_2199_107.595_0_left.png,1,1,0.0008181030862033,1,0.0030728889035291,1.0,0,0,No Change,No Change
9_station_ruebenkamp_9.1_080_1631711160.100000005_patches_patch_1576_2199_107.718_0_left.png,1,1,0.0016720388181662,1,0.0029536962081423,1.0,0,0,No Change,No Change
9_station_ruebenkamp_9.1_081_1631711160.200000029_patches_patch_1575_2199_107.752_0_left.png,1,1,0.0011090693005826,1,0.0045803253803516,1.0,0,0,No Change,No Change
9_station_ruebenkamp_9.1_082_1631711160.300000021_patches_patch_1576_2199_107.659_0_left.png,1,1,0.0009275214858159,1,0.0092909724810154,1.0,0,0,No Change,No Change
9_station_ruebenkamp_9.1_083_1631711160.400000013_patches_patch_1576_2199_107.842_0_left.png,1,1,0.0019486218273717,1,0.0218414615041576,1.0,0,0,No Change,No Change
9_station_ruebenkamp_9.1_084_1631711160.500000006_patches_patch_1576_2199_107.842_0_left.png,1,1,0.0031808127484206,1,0.0619978508633679,1.0,0,0,No Change,No Change
9_station_ruebenkamp_9.1_085_1631711160.600000030_patches_patch_1581_2199_107.894_0_left.png,1,1,0.3428925834596157,1,0.1594162483954149,1.0,0,0,No Change,No Change
9_station_ruebenkamp_9.1_086_1631711160.700000022_patches_patch_1582_2199_107.702_0_left.png,1,1,0.0018120757182866,1,0.0612831519981422,1.0,0,0,No Change,No Change
9_station_ruebenkamp_9.1_087_1631711160.800000014_patches_patch_1576_2199_107.812_0_left.png,1,1,0.0009601254217462,1,0.0211430325330175,1.0,0,0,No Change,No Change
9_station_ruebenkamp_9.2_205_1631712602.600000028_patches_patch_2354_2199_83.068_0_right.png,1,1,0.0947707744392876,1,0.0815456271681277,1.0,0,0,No Change,No Change
9_station_ruebenkamp_9.2_206_1631712602.700000013_patches_patch_2354_2199_83.138_0_right.png,1,1,0.0077809211992037,1,0.058473435613496,1.0,0,0,No Change,No Change
9_station_ruebenkamp_9.2_207_1631712602.800000030_patches_patch_2351_2199_83.298_0_right.png,1,1,0.0503421505175841,1,0.0934520816880688,1.0,0,0,No Change,No Change
9_station_ruebenkamp_9.2_208_1631712602.900000016_patches_patch_2350_2199_83.141_0_right.png,1,1,0.270104471516485,1,0.1743530814050243,1.0,0,0,No Change,No Change
9_station_ruebenkamp_9.2_209_1631712603.000000001_patches_patch_2350_2199_83.141_0_right.png,1,1,0.167477136477828,1,0.1491641393084585,1.0,0,0,No Change,No Change
9_station_ruebenkamp_9.2_210_1631712603.100000018_patches_patch_2351_2199_83.377_0_right.png,1,1,0.0145708077858823,1,0.1050411049905077,1.0,0,0,No Change,No Change
9_station_ruebenkamp_9.2_211_1631712603.200000007_patches_patch_2351_2199_83.060_0_right.png,1,1,0.2474155036228088,1,0.1564482337378584,1.0,0,0,No Change,No Change
9_station_ruebenkamp_9.2_212_1631712603.300000028_patches_patch_2351_2199_83.060_0_right.png,1,1,0.0647848349957106,1,0.1154988782287177,1.0,0,0,No Change,No Change
9_station_ruebenkamp_9.2_213_1631712603.400000017_patches_patch_2354_2199_83.689_0_right.png,1,1,0.1908171487545284,1,0.121268571850905,1.0,0,0,No Change,No Change
9_station_ruebenkamp_9.2_214_1631712603.500000005_patches_patch_2356_2199_83.220_0_right.png,1,1,0.0175244513472231,1,0.0564847229849775,1.0,0,0,No Change,No Change
9_station_ruebenkamp_9.6_097_1631712793.800000009_patches_patch_1501_2199_105.701_0_left.png,1,1,0.000403786371559,1,0.0003924334710968,1.0,0,0,No Change,No Change
9_station_ruebenkamp_9.6_098_1631712793.900000018_patches_patch_1500_2199_106.308_0_left.png,1,1,0.0003234096487479,1,0.0003739172811769,1.0,0,0,No Change,No Change
9_station_ruebenkamp_9.6_099_1631712794.000000027_patches_patch_1500_2199_106.308_0_left.png,1,1,0.0004377024670247,1,0.0004113939468922,1.0,0,0,No Change,No Change
9_station_ruebenkamp_9.6_100_1631712794.100000004_patches_patch_1499_2199_106.563_0_left.png,1,1,0.000518940326098,1,0.0004182649092164,1.0,0,0,No Change,No Change
9_station_ruebenkamp_9.6_101_1631712794.200000012_patches_patch_1501_2199_106.270_0_left.png,1,1,0.0002582685750288,1,0.0003155951105463,1.0,0,0,No Change,No Change
9_station_ruebenkamp_9.6_102_1631712794.300000021_patches_patch_1501_2199_105.945_0_left.png,1,1,0.0002369563104972,1,0.0002727900544865,1.0,0,0,No Change,No Change
9_station_ruebenkamp_9.6_103_1631712794.400000030_patches_patch_1500_2199_106.197_0_left.png,1,1,0.0002410976060976,1,0.0002731184073548,1.0,0,0,No Change,No Change
9_station_ruebenkamp_9.6_104_1631712794.500000007_patches_patch_1500_2199_106.197_0_left.png,1,1,0.0002961756642131,1,0.0003094512329309,1.0,0,0,No Change,No Change
9_station_ruebenkamp_9.6_105_1631712794.600000017_patches_patch_1501_2199_106.928_0_left.png,1,1,0.000429889136285,1,0.000357724482595,1.0,0,0,No Change,No Change
9_station_ruebenkamp_9.6_106_1631712794.700000004_patches_patch_1500_2199_105.897_0_left.png,1,1,0.0003109713870799,1,0.0003286336858504,1.0,0,0,No Change,No Change
